-- phpMyAdmin SQL Dump
-- version 5.2.3
-- https://www.phpmyadmin.net/
--
-- Host: mysql
-- Generation Time: Nov 21, 2025 at 05:36 PM
-- Server version: 9.5.0
-- PHP Version: 8.3.27

SET SQL_MODE = "NO_AUTO_VALUE_ON_ZERO";
START TRANSACTION;
SET time_zone = "+00:00";


/*!40101 SET @OLD_CHARACTER_SET_CLIENT=@@CHARACTER_SET_CLIENT */;
/*!40101 SET @OLD_CHARACTER_SET_RESULTS=@@CHARACTER_SET_RESULTS */;
/*!40101 SET @OLD_COLLATION_CONNECTION=@@COLLATION_CONNECTION */;
/*!40101 SET NAMES utf8mb4 */;

--
-- Database: `sunnydb`
--
CREATE DATABASE IF NOT EXISTS `sunnydb` DEFAULT CHARACTER SET utf8mb4 COLLATE utf8mb4_0900_ai_ci;
USE `sunnydb`;

-- --------------------------------------------------------

--
-- Table structure for table `likes`
--

CREATE TABLE `likes` (
  `user_id` char(36) CHARACTER SET utf8mb4 COLLATE utf8mb4_bin NOT NULL,
  `vacation_id` char(36) CHARACTER SET utf8mb4 COLLATE utf8mb4_bin NOT NULL,
  `created_at` datetime NOT NULL,
  `updated_at` datetime NOT NULL
) ENGINE=InnoDB DEFAULT CHARSET=utf8mb4 COLLATE=utf8mb4_0900_ai_ci;

--
-- Dumping data for table `likes`
--

INSERT INTO `likes` (`user_id`, `vacation_id`, `created_at`, `updated_at`) VALUES
('00000000-0000-0000-0000-000000000001','10000000-0000-0000-0000-000000000001','2025-11-21 17:00:00','2025-11-21 17:00:00'),
('00000000-0000-0000-0000-000000000001','10000000-0000-0000-0000-000000000002','2025-11-21 17:00:00','2025-11-21 17:00:00'),
('00000000-0000-0000-0000-000000000001','10000000-0000-0000-0000-000000000003','2025-11-21 17:00:00','2025-11-21 17:00:00'),
('00000000-0000-0000-0000-000000000001','10000000-0000-0000-0000-000000000004','2025-11-21 17:00:00','2025-11-21 17:00:00'),
('00000000-0000-0000-0000-000000000001','10000000-0000-0000-0000-000000000005','2025-11-21 17:00:00','2025-11-21 17:00:00'),
('00000000-0000-0000-0000-000000000001','10000000-0000-0000-0000-000000000006','2025-11-21 17:00:00','2025-11-21 17:00:00'),
('00000000-0000-0000-0000-000000000001','10000000-0000-0000-0000-000000000007','2025-11-21 17:00:00','2025-11-21 17:00:00'),
('00000000-0000-0000-0000-000000000001','10000000-0000-0000-0000-000000000008','2025-11-21 17:00:00','2025-11-21 17:00:00'),
('00000000-0000-0000-0000-000000000001','10000000-0000-0000-0000-000000000009','2025-11-21 17:00:00','2025-11-21 17:00:00'),
('00000000-0000-0000-0000-000000000001','10000000-0000-0000-0000-00000000000a','2025-11-21 17:00:00','2025-11-21 17:00:00'),
('00000000-0000-0000-0000-000000000002','10000000-0000-0000-0000-000000000003','2025-11-21 17:00:00','2025-11-21 17:00:00'),
('00000000-0000-0000-0000-000000000002','10000000-0000-0000-0000-000000000004','2025-11-21 17:00:00','2025-11-21 17:00:00'),
('00000000-0000-0000-0000-000000000002','10000000-0000-0000-0000-000000000005','2025-11-21 17:00:00','2025-11-21 17:00:00'),
('00000000-0000-0000-0000-000000000002','10000000-0000-0000-0000-000000000006','2025-11-21 17:00:00','2025-11-21 17:00:00'),
('00000000-0000-0000-0000-000000000002','10000000-0000-0000-0000-000000000007','2025-11-21 17:00:00','2025-11-21 17:00:00'),
('00000000-0000-0000-0000-000000000002','10000000-0000-0000-0000-000000000008','2025-11-21 17:00:00','2025-11-21 17:00:00'),
('00000000-0000-0000-0000-000000000002','10000000-0000-0000-0000-000000000009','2025-11-21 17:00:00','2025-11-21 17:00:00'),
('00000000-0000-0000-0000-000000000002','10000000-0000-0000-0000-00000000000a','2025-11-21 17:00:00','2025-11-21 17:00:00'),
('00000000-0000-0000-0000-000000000002','10000000-0000-0000-0000-00000000000b','2025-11-21 17:00:00','2025-11-21 17:00:00'),
('00000000-0000-0000-0000-000000000002','10000000-0000-0000-0000-00000000000c','2025-11-21 17:00:00','2025-11-21 17:00:00'),
('00000000-0000-0000-0000-000000000003','10000000-0000-0000-0000-000000000005','2025-11-21 17:00:00','2025-11-21 17:00:00'),
('00000000-0000-0000-0000-000000000003','10000000-0000-0000-0000-000000000006','2025-11-21 17:00:00','2025-11-21 17:00:00'),
('00000000-0000-0000-0000-000000000003','10000000-0000-0000-0000-000000000007','2025-11-21 17:00:00','2025-11-21 17:00:00'),
('00000000-0000-0000-0000-000000000003','10000000-0000-0000-0000-000000000008','2025-11-21 17:00:00','2025-11-21 17:00:00'),
('00000000-0000-0000-0000-000000000003','10000000-0000-0000-0000-000000000009','2025-11-21 17:00:00','2025-11-21 17:00:00'),
('00000000-0000-0000-0000-000000000003','10000000-0000-0000-0000-00000000000a','2025-11-21 17:00:00','2025-11-21 17:00:00'),
('00000000-0000-0000-0000-000000000003','10000000-0000-0000-0000-00000000000b','2025-11-21 17:00:00','2025-11-21 17:00:00'),
('00000000-0000-0000-0000-000000000003','10000000-0000-0000-0000-00000000000c','2025-11-21 17:00:00','2025-11-21 17:00:00'),
('00000000-0000-0000-0000-000000000003','10000000-0000-0000-0000-00000000000d','2025-11-21 17:00:00','2025-11-21 17:00:00'),
('00000000-0000-0000-0000-000000000003','10000000-0000-0000-0000-00000000000e','2025-11-21 17:00:00','2025-11-21 17:00:00'),
('00000000-0000-0000-0000-00000000000f','10000000-0000-0000-0000-000000000001','2025-11-21 17:00:00','2025-11-21 17:00:00'),
('00000000-0000-0000-0000-00000000000f','10000000-0000-0000-0000-000000000002','2025-11-21 17:00:00','2025-11-21 17:00:00'),
('00000000-0000-0000-0000-00000000000f','10000000-0000-0000-0000-000000000003','2025-11-21 17:00:00','2025-11-21 17:00:00'),
('00000000-0000-0000-0000-00000000000f','10000000-0000-0000-0000-000000000004','2025-11-21 17:00:00','2025-11-21 17:00:00'),
('00000000-0000-0000-0000-00000000000f','10000000-0000-0000-0000-000000000005','2025-11-21 17:00:00','2025-11-21 17:00:00'),
('00000000-0000-0000-0000-00000000000f','10000000-0000-0000-0000-00000000001a','2025-11-21 17:00:00','2025-11-21 17:00:00'),
('00000000-0000-0000-0000-00000000000f','10000000-0000-0000-0000-00000000001b','2025-11-21 17:00:00','2025-11-21 17:00:00'),
('00000000-0000-0000-0000-00000000000f','10000000-0000-0000-0000-00000000001c','2025-11-21 17:00:00','2025-11-21 17:00:00'),
('00000000-0000-0000-0000-00000000000f','10000000-0000-0000-0000-00000000001d','2025-11-21 17:00:00','2025-11-21 17:00:00'),
('00000000-0000-0000-0000-00000000000f','10000000-0000-0000-0000-00000000001e','2025-11-21 17:00:00','2025-11-21 17:00:00'),
('00000000-0000-0000-0000-000000000004','10000000-0000-0000-0000-000000000001','2025-11-22 12:00:00','2025-11-22 12:00:00'),
('00000000-0000-0000-0000-000000000005','10000000-0000-0000-0000-000000000001','2025-11-22 12:01:00','2025-11-22 12:01:00'),
('00000000-0000-0000-0000-000000000006','10000000-0000-0000-0000-000000000001','2025-11-22 12:02:00','2025-11-22 12:02:00'),
('00000000-0000-0000-0000-000000000007','10000000-0000-0000-0000-000000000002','2025-11-22 12:03:00','2025-11-22 12:03:00'),
('00000000-0000-0000-0000-000000000008','10000000-0000-0000-0000-000000000002','2025-11-22 12:04:00','2025-11-22 12:04:00'),
('00000000-0000-0000-0000-000000000009','10000000-0000-0000-0000-00000000000a','2025-11-22 12:05:00','2025-11-22 12:05:00'),
('00000000-0000-0000-0000-00000000000b','10000000-0000-0000-0000-00000000000a','2025-11-22 12:06:00','2025-11-22 12:06:00'),
('00000000-0000-0000-0000-00000000000c','10000000-0000-0000-0000-00000000000a','2025-11-22 12:07:00','2025-11-22 12:07:00'),
('00000000-0000-0000-0000-000000000001','10000000-0000-0000-0000-00000000001a','2025-11-22 12:08:00','2025-11-22 12:08:00'),
('00000000-0000-0000-0000-000000000002','10000000-0000-0000-0000-00000000001a','2025-11-22 12:09:00','2025-11-22 12:09:00'),
('00000000-0000-0000-0000-000000000003','10000000-0000-0000-0000-00000000001a','2025-11-22 12:10:00','2025-11-22 12:10:00'),
('00000000-0000-0000-0000-000000000004','10000000-0000-0000-0000-00000000001a','2025-11-22 12:11:00','2025-11-22 12:11:00'),
('00000000-0000-0000-0000-000000000005','10000000-0000-0000-0000-00000000001a','2025-11-22 12:12:00','2025-11-22 12:12:00'),
('00000000-0000-0000-0000-000000000006','10000000-0000-0000-0000-00000000001d','2025-11-22 12:13:00','2025-11-22 12:13:00'),
('00000000-0000-0000-0000-000000000007','10000000-0000-0000-0000-00000000001d','2025-11-22 12:14:00','2025-11-22 12:14:00'),
('00000000-0000-0000-0000-000000000008','10000000-0000-0000-0000-00000000001d','2025-11-22 12:15:00','2025-11-22 12:15:00');


-- --------------------------------------------------------

--
-- Table structure for table `users`
--

CREATE TABLE `users` (
  `id` char(36) CHARACTER SET utf8mb4 COLLATE utf8mb4_bin NOT NULL,
  `first_name` varchar(30) NOT NULL,
  `last_name` varchar(30) NOT NULL,
  `email` varchar(255) NOT NULL,
  `password` varchar(255) NOT NULL,
  `role` enum('user','admin') DEFAULT 'user',
  `created_at` datetime NOT NULL,
  `updated_at` datetime NOT NULL
) ENGINE=InnoDB DEFAULT CHARSET=utf8mb4 COLLATE=utf8mb4_0900_ai_ci;

--
-- Dumping data for table `users`
--

INSERT INTO `users` (`id`, `first_name`, `last_name`, `email`, `password`, `role`, `created_at`, `updated_at`) VALUES
('00000000-0000-0000-0000-000000000001', 'Ido', 'Yahav', 'ido1@mail.com', '4a83854cf6f0112b4295bddd535a9b3fbe54a3f90e853b59d42e4bed553c55a4', 'admin', '2025-11-21 17:00:00', '2025-11-21 17:00:00'),
('00000000-0000-0000-0000-000000000002', 'Noa', 'Levi', 'noa2@mail.com', '4a83854cf6f0112b4295bddd535a9b3fbe54a3f90e853b59d42e4bed553c55a4', 'user', '2025-11-21 17:00:00', '2025-11-21 17:00:00'),
('00000000-0000-0000-0000-000000000003', 'Dan', 'Shalev', 'dan3@mail.com', '4a83854cf6f0112b4295bddd535a9b3fbe54a3f90e853b59d42e4bed553c55a4', 'user', '2025-11-21 17:00:00', '2025-11-21 17:00:00'),
('00000000-0000-0000-0000-000000000004', 'Lior', 'Ben-David', 'lior4@mail.com', '4a83854cf6f0112b4295bddd535a9b3fbe54a3f90e853b59d42e4bed553c55a4', 'user', '2025-11-21 17:00:00', '2025-11-21 17:00:00'),
('00000000-0000-0000-0000-000000000005', 'Gil', 'Mor', 'gil5@mail.com', '4a83854cf6f0112b4295bddd535a9b3fbe54a3f90e853b59d42e4bed553c55a4', 'user', '2025-11-21 17:00:00', '2025-11-21 17:00:00'),
('00000000-0000-0000-0000-000000000006', 'Amit', 'Tal', 'amit6@mail.com', '4a83854cf6f0112b4295bddd535a9b3fbe54a3f90e853b59d42e4bed553c55a4', 'user', '2025-11-21 17:00:00', '2025-11-21 17:00:00'),
('00000000-0000-0000-0000-000000000007', 'Maya', 'Ron', 'maya7@mail.com', '4a83854cf6f0112b4295bddd535a9b3fbe54a3f90e853b59d42e4bed553c55a4', 'user', '2025-11-21 17:00:00', '2025-11-21 17:00:00'),
('00000000-0000-0000-0000-000000000008', 'Eden', 'Shir', 'eden8@mail.com', '4a83854cf6f0112b4295bddd535a9b3fbe54a3f90e853b59d42e4bed553c55a4', 'user', '2025-11-21 17:00:00', '2025-11-21 17:00:00'),
('00000000-0000-0000-0000-000000000009', 'Avi', 'Hen', 'avi9@mail.com', '4a83854cf6f0112b4295bddd535a9b3fbe54a3f90e853b59d42e4bed553c55a4', 'user', '2025-11-21 17:00:00', '2025-11-21 17:00:00'),
('00000000-0000-0000-0000-00000000000a', 'Tomer', 'Ari', 'tomer10@mail.com', '4a83854cf6f0112b4295bddd535a9b3fbe54a3f90e853b59d42e4bed553c55a4', 'user', '2025-11-21 17:00:00', '2025-11-21 17:00:00'),
('00000000-0000-0000-0000-00000000000b', 'Yael', 'Cohen', 'yael11@mail.com', '4a83854cf6f0112b4295bddd535a9b3fbe54a3f90e853b59d42e4bed553c55a4', 'user', '2025-11-21 17:00:00', '2025-11-21 17:00:00'),
('00000000-0000-0000-0000-00000000000c', 'Omer', 'Barak', 'omer12@mail.com', '4a83854cf6f0112b4295bddd535a9b3fbe54a3f90e853b59d42e4bed553c55a4', 'user', '2025-11-21 17:00:00', '2025-11-21 17:00:00'),
('00000000-0000-0000-0000-00000000000d', 'Shira', 'Friedman', 'shira13@mail.com', '4a83854cf6f0112b4295bddd535a9b3fbe54a3f90e853b59d42e4bed553c55a4', 'user', '2025-11-21 17:00:00', '2025-11-21 17:00:00'),
('00000000-0000-0000-0000-00000000000e', 'Roi', 'Katz', 'roi14@mail.com', '4a83854cf6f0112b4295bddd535a9b3fbe54a3f90e853b59d42e4bed553c55a4', 'user', '2025-11-21 17:00:00', '2025-11-21 17:00:00'),
('00000000-0000-0000-0000-00000000000f', 'Neta', 'Dagan', 'neta15@mail.com', '4a83854cf6f0112b4295bddd535a9b3fbe54a3f90e853b59d42e4bed553c55a4', 'user', '2025-11-21 17:00:00', '2025-11-21 17:00:00');

-- --------------------------------------------------------

--
-- Table structure for table `vacations`
--

CREATE TABLE `vacations` (
  `id` char(36) CHARACTER SET utf8mb4 COLLATE utf8mb4_bin NOT NULL,
  `destination` varchar(255) NOT NULL,
  `start_date` date NOT NULL,
  `end_date` date NOT NULL,
  `price` decimal(10,2) NOT NULL,
  `image_url` varchar(255) NOT NULL,
  `created_at` datetime NOT NULL,
  `updated_at` datetime NOT NULL,
  `description` text NOT NULL
) ENGINE=InnoDB DEFAULT CHARSET=utf8mb4 COLLATE=utf8mb4_0900_ai_ci;

--
-- Dumping data for table `vacations`
--

INSERT INTO `vacations` (
    `id`, 
    `destination`, 
    `start_date`, 
    `end_date`, 
    `price`, 
    `image_url`, 
    `created_at`, 
    `updated_at`, 
    `description`
) VALUES
('10000000-0000-0000-0000-000000000001', 'Paris, France', '2025-12-05', '2025-12-12', 4200.00, 'image01.jpg', '2025-11-21 17:00:00', '2025-11-21 17:00:00', 'Romantic getaway in the city of lights.'),
('10000000-0000-0000-0000-000000000002', 'Tokyo, Japan', '2025-12-15', '2025-12-23', 9500.00, 'image02.jpg', '2025-11-21 17:00:00', '2025-11-21 17:00:00', 'Explore futuristic streets and ancient temples.'),
('10000000-0000-0000-0000-000000000003', 'Rome, Italy', '2025-12-25', '2026-01-03', 4100.00, 'image03.jpg', '2025-11-21 17:00:00', '2025-11-21 17:00:00', 'Historic journey through the heart of the Roman Empire.'),
('10000000-0000-0000-0000-000000000004', 'Barcelona, Spain', '2026-01-04', '2026-01-11', 3900.00, 'image04.jpg', '2025-11-21 17:00:00', '2025-11-21 17:00:00', 'Sunny beaches and Gauds unique architecture.'),
('10000000-0000-0000-0000-000000000005', 'New York, USA', '2026-01-14', '2026-01-22', 7200.00, 'image05.jpg', '2025-11-21 17:00:00', '2025-11-21 17:00:00', 'Skyscrapers, Broadway, and nonstop energy.'),
('10000000-0000-0000-0000-000000000006', 'London, UK', '2026-01-24', '2026-02-02', 5400.00, 'image06.jpg', '2025-11-21 17:00:00', '2025-11-21 17:00:00', 'Classic landmarks, museums, and royal history.'),
('10000000-0000-0000-0000-000000000007', 'Berlin, Germany', '2026-02-03', '2026-02-10', 3600.00, 'image07.jpg', '2025-11-21 17:00:00', '2025-11-21 17:00:00', 'Nightlife, art, and powerful modern history.'),
('10000000-0000-0000-0000-000000000008', 'Phuket, Thailand', '2026-02-13', '2026-02-21', 2800.00, 'image08.jpg', '2025-11-21 17:00:00', '2025-11-21 17:00:00', 'Tropical paradise with crystal-clear beaches.'),
('10000000-0000-0000-0000-000000000009', 'Amsterdam, Netherlands', '2026-02-23', '2026-03-03', 4500.00, 'image09.jpg', '2025-11-21 17:00:00', '2025-11-21 17:00:00', 'Charming canals, bikes, and Dutch culture.'),
('10000000-0000-0000-0000-00000000000a', 'Reykjavik, Iceland', '2026-03-05', '2026-03-12', 8800.00, 'image10.jpg', '2025-11-21 17:00:00', '2025-11-21 17:00:00', 'Northern lights, hot springs, and wild landscapes.'),
('10000000-0000-0000-0000-00000000000b', 'Sydney, Australia', '2026-03-15', '2026-03-23', 9900.00, 'image11.jpg', '2025-11-21 17:00:00', '2025-11-21 17:00:00', 'Harbor views, beaches, and the Opera House.'),
('10000000-0000-0000-0000-00000000000c', 'Santorini, Greece', '2026-03-25', '2026-04-03', 5300.00, 'image12.jpg', '2025-11-21 17:00:00', '2025-11-21 17:00:00', 'White cliffs, blue domes, and epic sunsets.'),
('10000000-0000-0000-0000-00000000000d', 'Dubai, UAE', '2026-04-04', '2026-04-11', 8100.00, 'image13.jpg', '2025-11-21 17:00:00', '2025-11-21 17:00:00', 'Luxury desert adventure with futuristic skylines.'),
('10000000-0000-0000-0000-00000000000e', 'Los Angeles, USA', '2026-04-14', '2026-04-22', 7600.00, 'image14.jpg', '2025-11-21 17:00:00', '2025-11-21 17:00:00', 'Hollywood vibes, beaches, and food scenes.'),
('10000000-0000-0000-0000-00000000000f', 'Zurich, Switzerland', '2026-04-24', '2026-05-03', 8600.00, 'image15.jpg', '2025-11-21 17:00:00', '2025-11-21 17:00:00', 'Alpine lakes, chocolate, and scenic trains.'),
('10000000-0000-0000-0000-000000000010', 'Marrakech, Morocco', '2026-05-04', '2026-05-11', 4400.00, 'image16.jpg', '2025-11-21 17:00:00', '2025-11-21 17:00:00', 'Spice markets, riads, and Atlas Mountain trips.'),
('10000000-0000-0000-0000-000000000011', 'Seoul, South Korea', '2026-05-14', '2026-05-22', 6900.00, 'image17.jpg', '2025-11-21 17:00:00', '2025-11-21 17:00:00', 'K-culture, palaces, and incredible street food.'),
('10000000-0000-0000-0000-000000000012', 'Toronto, Canada', '2026-05-24', '2026-06-02', 7100.00, 'image18.jpg', '2025-11-21 17:00:00', '2025-11-21 17:00:00', 'Niagara Falls plus a vibrant multicultural city.'),
('10000000-0000-0000-0000-000000000013', 'Athens, Greece', '2026-06-03', '2026-06-10', 5200.00, 'image19.jpg', '2025-11-21 17:00:00', '2025-11-21 17:00:00', 'Ancient ruins and Mediterranean nightlife.'),
('10000000-0000-0000-0000-000000000014', 'Cape Town, South Africa', '2026-06-13', '2026-06-21', 8200.00, 'image20.jpg', '2025-11-21 17:00:00', '2025-11-21 17:00:00', 'Safari, vineyards, and Table Mountain views.'),
('10000000-0000-0000-0000-000000000015', 'Prague, Czechia', '2026-06-23', '2026-07-02', 3700.00, 'image21.jpg', '2025-11-21 17:00:00', '2025-11-21 17:00:00', 'Fairytale old town and riverside castles.'),
('10000000-0000-0000-0000-000000000016', 'Vienna, Austria', '2026-07-03', '2026-07-10', 4800.00, 'image22.jpg', '2025-11-21 17:00:00', '2025-11-21 17:00:00', 'Imperial palaces, coffee houses, and classical music.'),
('10000000-0000-0000-0000-000000000017', 'Lisbon, Portugal', '2026-07-13', '2026-07-21', 4000.00, 'image23.jpg', '2025-11-21 17:00:00', '2025-11-21 17:00:00', 'Colorful tiles, ocean views, and great seafood.'),
('10000000-0000-0000-0000-000000000018', 'Budapest, Hungary', '2026-07-23', '2026-08-01', 3500.00, 'image24.jpg', '2025-11-21 17:00:00', '2025-11-21 17:00:00', 'Thermal baths, ruin bars, and Danube cruises.'),
('10000000-0000-0000-0000-000000000019', 'Bangkok, Thailand', '2026-08-02', '2026-08-09', 2600.00, 'image25.jpg', '2025-11-21 17:00:00', '2025-11-21 17:00:00', 'Temples, night markets, and rooftop pools.'),
('10000000-0000-0000-0000-00000000001a', 'Rio de Janeiro, Brazil', '2026-08-12', '2026-08-20', 6100.00, 'image26.jpg', '2025-11-21 17:00:00', '2025-11-21 17:00:00', 'Beaches, samba, and Sugarloaf sunsets.'),
('10000000-0000-0000-0000-00000000001b', 'Cancun, Mexico', '2026-08-22', '2026-08-31', 4300.00, 'image27.jpg', '2025-11-21 17:00:00', '2025-11-21 17:00:00', 'All-inclusive Caribbean beaches and cenotes.'),
('10000000-0000-0000-0000-00000000001c', 'Singapore', '2026-09-01', '2026-09-08', 5700.00, 'image28.jpg', '2025-11-21 17:00:00', '2025-11-21 17:00:00', 'Ultra-modern skyline with gardens and hawker food.'),
('10000000-0000-0000-0000-00000000001d', 'Maldives', '2026-09-11', '2026-09-19', 10500.00, 'image29.jpg', '2025-11-21 17:00:00', '2025-11-21 17:00:00', 'Overwater villas, reefs, and pure quiet.'),
('10000000-0000-0000-0000-00000000001e', 'New Zealand, Queenstown', '2026-09-21', '2026-09-28', 9800.00, 'image30.jpg', '2025-11-21 17:00:00', '2025-11-21 17:00:00', 'Lake adventures and dramatic mountain hikes.');

--
-- Indexes for dumped tables
--

--
-- Indexes for table `likes`
--
ALTER TABLE `likes`
  ADD PRIMARY KEY (`user_id`,`vacation_id`),
  ADD UNIQUE KEY `likes_vacationId_userId_unique` (`user_id`,`vacation_id`),
  ADD KEY `vacation_id` (`vacation_id`);

--
-- Indexes for table `users`
--
ALTER TABLE `users`
  ADD PRIMARY KEY (`id`),
  ADD UNIQUE KEY `users_email` (`email`);

--
-- Indexes for table `vacations`
--
ALTER TABLE `vacations`
  ADD PRIMARY KEY (`id`);

--
-- Constraints for dumped tables
--

--
-- Constraints for table `likes`
--
ALTER TABLE `likes`
  ADD CONSTRAINT `likes_ibfk_1` FOREIGN KEY (`user_id`) REFERENCES `users` (`id`) ON DELETE CASCADE ON UPDATE CASCADE,
  ADD CONSTRAINT `likes_ibfk_2` FOREIGN KEY (`vacation_id`) REFERENCES `vacations` (`id`) ON DELETE CASCADE ON UPDATE CASCADE;
COMMIT;

/*!40101 SET CHARACTER_SET_CLIENT=@OLD_CHARACTER_SET_CLIENT */;
/*!40101 SET CHARACTER_SET_RESULTS=@OLD_CHARACTER_SET_RESULTS */;
/*!40101 SET COLLATION_CONNECTION=@OLD_COLLATION_CONNECTION */;
